раздел,категория,компаний,"выручка упала, %","рост ниже инфляции, %","доля, %","медиана оклада, ₽"
изменение выручки 2025 к 2024,Минус 20% и больше,134,,,17.7,
изменение выручки 2025 к 2024,От −20% до −10%,53,,,7.0,
изменение выручки 2025 к 2024,От −10% до 0,76,,,10.0,
изменение выручки 2025 к 2024,"0–5,6%: ниже инфляции",71,,,9.4,
изменение выручки 2025 к 2024,"5,6–20%",142,,,18.8,
изменение выручки 2025 к 2024,20–50%,125,,,16.5,
изменение выручки 2025 к 2024,50% и больше,156,,,20.6,
размер компании (выручка 2025),до 120 млн ₽,239,36,5,,
размер компании (выручка 2025),120–800 млн ₽,269,34,9,,
размер компании (выручка 2025),"0,8–2 млрд ₽",118,44,14,,
размер компании (выручка 2025),2–10 млрд ₽,102,26,15,,
размер компании (выручка 2025),от 10 млрд ₽,29,21,14,,
отрасль (ОКВЭД),Продажа и ремонт автомобилей,37,62,14,,
отрасль (ОКВЭД),Строительство,30,57,3,,
отрасль (ОКВЭД),Оптовая торговля,200,37,11,,
отрасль (ОКВЭД),Недвижимость,44,36,9,,
отрасль (ОКВЭД),Другие отрасли,161,32,9,,
отрасль (ОКВЭД),Другое производство,121,33,7,,
отрасль (ОКВЭД),Розничная торговля,33,36,3,,
отрасль (ОКВЭД),Транспорт и логистика,23,17,22,,
отрасль (ОКВЭД),Пищевое производство,37,19,19,,
отрасль (ОКВЭД),IT и разработка,44,32,5,,
отрасль (ОКВЭД),Консалтинг и управление,27,19,4,,
"оклад в вакансии, все компании",Руководитель отдела продаж,721,,,,200000
"оклад в вакансии, все компании",Коммерческий директор,108,,,,250000
оклад РОПа по регионам,Москва и область,204,,,,240000
оклад РОПа по регионам,Петербург и область,85,,,,204160
оклад РОПа по регионам,Другие регионы,432,,,,180000
оклад по динамике выручки: Руководитель отдела продаж,Выручка упала,140,,,,150000
оклад по динамике выручки: Руководитель отдела продаж,Рост ниже инфляции,37,,,,150000
оклад по динамике выручки: Руководитель отдела продаж,Рост выше инфляции,187,,,,150000
оклад по динамике выручки: Коммерческий директор,Выручка упала,22,,,,200000
оклад по динамике выручки: Коммерческий директор,Рост ниже инфляции,8,,,,200000
оклад по динамике выручки: Коммерческий директор,Рост выше инфляции,30,,,,160000
